Id,CreatedAt,TestBankTaskId
85e694d6-51f4-44ad-9bc9-166231c27264,2020-09-02 11:32:56.880108,1
0972a0db-ec34-46db-9e09-0201cb6aea88,2020-09-02 11:32:57.064130,2
d1a71cd2-62ad-4fce-adec-bfc23f568946,2020-09-02 11:32:57.072191,3
a8c76cc1-cddc-4060-8717-f28a4f08b5b9,2020-09-02 11:32:57.073692,4
b4d6ceaf-6d70-43a2-a49b-286dd2ab696c,2020-09-02 11:32:57.074953,5
8edee7e0-db39-4df9-bd6b-b5ad458a3e6f,2020-09-02 11:32:57.076789,6
2a0f2174-447f-44b6-89d5-ca271a3ad24e,2020-09-02 11:32:57.078440,7
a4fca4d8-2e18-4d11-a47a-94839e4b77a2,2020-09-02 11:32:57.082910,8
ef11758c-e51a-4e94-b361-f02e329b7fce,2020-09-02 11:32:57.084435,9
c63c88b7-cba4-4464-acc8-6bd084c990a9,2020-09-02 11:32:57.085707,10
c44e9904-9feb-4fa6-8b39-a4fc26ad8eca,2020-09-02 11:32:57.087035,11
66aeaf18-0da7-4582-a649-0d75ce522c74,2020-09-02 11:32:57.088354,12
e2e77168-e998-4d3b-9969-0e3e4b907753,2020-09-02 11:32:57.089609,13
8b77fcb6-7f4e-4188-9b33-a7401e58fef8,2020-09-02 11:32:57.091028,14
2f6d15d0-5cb4-463c-8419-4310f021b2ae,2020-09-02 11:32:57.092424,15
97c7fb6e-bbf1-4428-9e86-b323134180dc,2020-09-02 11:32:57.094120,16
ace248f1-cc12-4f20-8209-406865ac77f9,2020-09-02 11:32:57.095442,17
380e265a-7cb7-4237-8b44-4ac32a18a91c,2020-09-02 11:32:57.096772,18
3df18adf-50ba-43b3-a52b-3d756ba0f01c,2020-09-02 11:32:57.098125,19
c05dc6d5-235b-456c-b757-328d7c0a2e6b,2020-09-02 11:32:57.099443,20
a82dd849-02ce-4608-a4b6-42acde27c73b,2020-09-02 11:32:57.100813,21
be6c2054-522d-4cc1-a523-5aa5193cabd1,2020-09-02 11:32:57.102072,22
a54b1e70-ec97-4520-a807-f9c172c97383,2020-09-02 11:32:57.103412,23
98058a9d-86bf-41b1-87e5-1ae00bb29f49,2020-09-02 11:32:57.104698,24
a510e3ed-00d5-41d2-8328-b80fdd606527,2020-09-02 11:32:57.105935,25
3b21ea60-0c7c-4bb4-a2ca-8ca48a7a24d7,2020-09-02 11:32:57.106910,26
08f30de8-a59c-4bf0-88b9-05d9ab80ad06,2020-09-02 11:32:57.108032,27
d4ab0154-bcab-41c0-8d4a-7a1fd1e2222c,2020-09-02 11:32:57.109083,28
f1cc0212-ca81-4808-8fa7-cf258ea82a18,2020-09-02 11:32:57.109885,29
c4e067c3-3fb7-4fc0-ae1a-370bdd666f9d,2020-09-02 11:32:57.111243,30
8b9b8549-89b1-45dc-b962-8cf6dd82c121,2020-09-02 11:32:57.112568,31
0f74ede7-740e-4080-b7b2-f267de31e74f,2020-09-02 11:32:57.113550,32
f8da44c5-e911-43dc-9ed6-6e7e86e6c362,2020-09-02 11:32:57.114547,33
17c2a578-33a9-4761-871a-659063a03c53,2020-09-02 11:32:57.115597,34
469edb4d-9ec7-4c80-b68e-cd9d89182270,2020-09-02 11:32:57.116692,35
a826c289-b3cb-4436-83bd-80ab54911b28,2020-09-02 11:32:57.117680,36
314650dc-631d-47f3-af50-c37bf87be8ff,2020-09-02 11:32:57.118962,37
406db347-4caf-40a4-8fe1-eafcd65e9e09,2020-09-02 11:32:57.119966,38
0d01d3a4-995a-4380-8932-101dad683e1a,2020-09-02 11:32:57.121299,39
c5a967ca-9925-4a53-82e5-5e41a4e1ee3e,2020-09-02 11:32:57.122563,40
c4f5f3e2-2908-4639-8d07-584a9b852e7c,2020-09-02 11:32:57.123873,41
b2b2acff-0420-40ec-bf45-c2ee0757b7bb,2020-09-02 11:32:57.125221,42
34ba3a5a-fedb-421b-b916-21213ff9c01c,2020-09-02 11:32:57.126566,43
71713ec5-11d4-40b5-b1a9-0900e403099f,2020-09-02 11:32:57.127856,44
614d4b7f-913b-4e68-bf9d-61d3de36f3ac,2020-09-02 11:32:57.129130,45
ed1b5155-ed34-49a4-afc6-9b0b6707444e,2020-09-02 11:32:57.130496,46
0e108863-3d9c-4d7b-b137-6108a45e0d2d,2020-09-02 11:32:57.131767,47
4ad5ea50-f3cf-4166-8591-8492f34f64fb,2020-09-02 11:32:57.133037,48
9a6c6bd4-fdc0-4a13-b3d8-8063f1db4113,2020-09-02 11:32:57.134369,49
ea25cf20-a481-4491-8925-0211456219cf,2020-09-02 11:32:57.135403,50
66d4feaa-efc2-47e2-86ec-3421f83f04c0,2020-09-02 11:32:57.136366,51
7f8b90c1-9a7b-444b-87a1-29d31e6caa88,2020-09-02 11:32:57.137645,52
6f1d48fb-cd9f-48b1-bcf4-bf60792165c7,2020-09-02 11:32:57.138960,53
1dfad831-0aa4-40e0-8b6e-df7b5466be50,2020-09-02 11:32:57.140312,54
feeaa784-40d0-4ddc-a317-9b38ae48bffe,2020-09-02 11:32:57.141537,55
dd157d07-dbed-491c-8340-2384abe2b25f,2020-09-02 11:32:57.142922,56
aa540705-08bd-4571-b9cf-b4d141fa2d3e,2020-09-02 11:32:57.144295,57
9f3b46c7-eea3-4d7e-bdd8-e308e7b2c009,2020-09-02 11:32:57.145626,58
fc060271-876d-4beb-a780-b95984bd345b,2020-09-02 11:32:57.146973,59
f235966b-bcea-4b27-9da0-3f828d291f94,2020-09-02 11:32:57.148257,60
746dc4b4-54b0-475f-8101-5c51f11564be,2020-09-02 11:32:57.149531,61
4a6146d7-6f98-42d4-822e-3461d36bc5ad,2020-09-02 11:32:57.150778,62
5a15e209-8d5f-4c6c-b584-62de847dfb1b,2020-09-02 11:32:57.152143,63
1db734ae-19ac-4906-a7eb-4f905b52f486,2020-09-02 11:32:57.153405,64
eac1d188-5b52-44bc-ae83-d9da64ac9e83,2020-09-02 11:32:57.154630,65
0c0b4e30-d496-420f-aa19-1973b76852a2,2020-09-02 11:32:57.155952,66
89d9b96d-2093-455a-a126-7ecf9dd1a7ba,2020-09-02 11:32:57.157209,67
becaa5a2-8a7a-4f79-92c1-e0fed86be7c2,2020-09-02 11:32:57.158026,68
72f46298-3524-433c-8193-8e1e17c65665,2020-09-02 11:32:57.159365,69
2a2e85d4-ce68-4c32-ac30-87f4c536a2af,2020-09-02 11:32:57.160656,70
089a358d-fc31-4f1e-8754-e569c72a5dad,2020-09-02 11:32:57.161899,71
d7307c00-d52f-4b68-a436-a512b556da94,2020-09-02 11:32:57.163190,72
15678289-ae1a-46ab-b00b-b8220606b32b,2020-09-02 11:32:57.164513,73
b48b0dc6-02bd-481a-af23-f22cdda6dab1,2020-09-02 11:32:57.165741,74
c3dd9c38-e598-450e-a215-631e1d97e770,2020-09-02 11:32:57.166983,75
6f1cc563-6f1a-4df7-a31a-8a7277dd0e7c,2020-09-02 11:32:57.168371,76
9c626c26-ff81-4e22-a73d-8f23d8fe7cfc,2020-09-02 11:32:57.169668,77
eeef6ad3-c071-488e-8614-524bf39ae449,2020-09-02 11:32:57.170891,78
f6bd6748-54da-4dba-acee-46e54386b05c,2020-09-02 11:32:57.172230,79
e4887afc-7ca3-4816-bb19-2b298a66054e,2020-09-02 11:32:57.173271,80
3a74349e-39ab-43c2-a0cd-4065a596eb61,2020-09-02 11:32:57.174572,81
8b1528c2-567a-43a0-af13-f1c052f2b37d,2020-09-02 11:32:57.175848,82
27e08dc6-2c76-4d2d-a8e9-f8fee1b3e417,2020-09-02 11:32:57.177177,83
ee2522e5-fbeb-4280-ac81-f6f746f5835a,2020-09-02 11:32:57.178448,84
474e99b8-1376-4270-be6b-117b1857198c,2020-09-02 11:32:57.179733,85
26ab929b-6a2e-4ead-9b86-f3d4d75dbe3d,2020-09-02 11:32:57.181077,86
6574f78b-5467-4762-a82f-203e82513a5f,2020-09-02 11:32:57.182296,87
1445611a-b594-42a8-8daa-f1150f455dfe,2020-09-02 11:32:57.183852,88
03d5e75f-73c2-4de0-90b6-50c3e030392d,2020-09-02 11:32:57.185178,89
c185edec-93bd-46e5-8b9d-dc5f0ba60a05,2020-09-02 11:32:57.186481,90
b73d44d8-b0ca-4d7c-9eee-27f1ac822997,2020-09-02 11:32:57.187903,91
ac390ba9-837e-40a4-ad47-0e7a9467371d,2020-09-02 11:32:57.189187,92
ec5c56bd-5436-48e9-b343-66e9b76a397f,2020-09-02 11:32:57.190482,93
7e90bd7b-3588-425f-ba33-f8fb75648efe,2020-09-02 11:32:57.191823,94
45d96f5b-244b-4750-8fcb-10c2f34f1393,2020-09-02 11:32:57.193085,95
f92cac36-3bc4-4391-80a2-6462e41a49b4,2020-09-02 11:32:57.194416,96
febdea54-cefe-458a-aef6-979bf0595e4a,2020-09-02 11:32:57.195709,97
b3b39c30-b8b0-4311-a6d7-e1c45a532e17,2020-09-02 11:32:57.196998,98
b78a4de3-2d32-446f-aefb-b365518c39d2,2020-09-02 11:32:57.198302,99
46d6e743-0820-4ecd-8db1-d608c513b6d7,2020-09-02 11:32:57.199705,100
05bd65b4-d45d-4e7e-b2b3-986cb90cdaee,2020-09-02 11:32:57.200963,101
2df68cee-60bb-43b1-8a7a-96ce2c999df4,2020-09-02 11:32:57.202260,102
287c5cb1-a599-4954-bf52-9c11591666df,2020-09-02 11:32:57.203544,103
96ffb523-d615-44b6-af9b-9e9e32ecd0fe,2020-09-02 11:32:57.204829,104
baeea88c-e021-4df7-84ff-06d5c41eb55a,2020-09-02 11:32:57.206088,105
2696763f-b3fb-461c-825b-b583327ee6a4,2020-09-02 11:32:57.207450,106
6c2c9057-a779-4781-baca-376bf356ed25,2020-09-02 11:32:57.208734,107
a39aa536-1982-4427-a6ac-7aa4026e5043,2020-09-02 11:32:57.209999,108
d3674d51-f6fa-41d1-8759-0544dc72244d,2020-09-02 11:32:57.211320,109
815a1900-c0a3-4c94-a62f-c63ac182b52c,2020-09-02 11:32:57.212591,110
57abbf9f-2d58-49bf-8d3f-b9e828e17e7b,2020-09-02 11:32:57.213844,111
b1b8a347-a18b-47d9-b554-ae2a78a8d17b,2020-09-02 11:32:57.215177,112
398db7ca-f32a-4d34-8e6c-892f4fd5851a,2020-09-02 11:32:57.216543,113
4393062a-1b11-4f37-b99f-bd57f94fce16,2020-09-02 11:32:57.217801,114
ede59c66-febf-4181-90f4-86d0745c292d,2020-09-02 11:32:57.219067,115
4ef98dec-a3e9-4904-aa22-25e0f6dea185,2020-09-02 11:32:57.220472,116
5da77217-b7a2-4304-92e5-d733362057ce,2020-09-02 11:32:57.221965,117
f5bf8fd6-870e-4414-a8de-7286bfe8d54e,2020-09-02 11:32:57.222966,118
f62de405-6c12-4812-8fe3-b6b5dd22a578,2020-09-02 11:32:57.224295,119
5eacb1ce-7f55-49b3-a3a3-cab057cc5714,2020-09-02 11:32:57.225495,120
6251c162-31de-400f-a77d-739fbc2d3c0f,2020-09-02 11:32:57.226799,121
ee1113f2-d94d-49ae-a983-3924ca485803,2020-09-02 11:32:57.228235,122
0ef8f019-ba31-4f81-8f7d-6d254c56a2e4,2020-09-02 11:32:57.229492,123
3ce27f00-84c7-4233-b660-796847f80f75,2020-09-02 11:32:57.230762,124
e0523c92-344d-4918-ab3a-3d0a8f500aa5,2020-09-02 11:32:57.232126,125
901c81c4-5f85-4d7e-b588-e08118f62f58,2020-09-02 11:32:57.233078,126
82b4534e-0f17-4cc2-9307-fafcdfab6bbb,2020-09-02 11:32:57.234405,127
077e9859-8feb-4070-bdb5-f8f274f98b1c,2020-09-02 11:32:57.235399,128
5d989733-96ae-4303-8b23-7a44d5364c1f,2020-09-02 11:32:57.236429,129
180b6100-0808-464c-b3ea-8e42debd0c73,2020-09-02 11:32:57.237703,130
6d2448ad-962d-4bc5-84e2-4d6e08983249,2020-09-02 11:32:57.238673,131
4a39d294-311d-402a-b793-9bf4f68aa8c1,2020-09-02 11:32:57.239690,132
9a0d2248-0132-4d2d-8f2c-8d6f34ed7dad,2020-09-02 11:32:57.240761,133
a436a36e-dbd5-4d33-b2d1-e80f835c331f,2020-09-02 11:32:57.241735,134
2baeeab1-edd3-4630-b79b-a8d6f388c3b5,2020-09-02 11:32:57.242724,135
009b28e6-f01b-4e44-84e8-7d1f8d3f025e,2020-09-02 11:32:57.243732,136
e8313fc9-6ebe-4878-98b3-a8d1006759b3,2020-09-02 11:32:57.244784,137
e2c5983c-92fa-4310-9d6a-8bb6ce2c86d2,2020-09-02 11:32:57.245774,138
a24fa971-a257-468d-9de5-a4bb727189fa,2020-09-02 11:32:57.246739,139
6e265e4f-795b-4259-bbe3-7f3d28fed476,2020-09-02 11:32:57.247686,140
d27c7c97-b89d-4142-8846-a1ea70d7b902,2020-09-02 11:32:57.248706,141
d9734971-e241-42e2-82d6-5d9eb86ba1a3,2020-09-02 11:32:57.249996,142
e4ea53c5-9778-4c1d-959d-2fc6f71cd20b,2020-09-02 11:32:57.250987,143
6846e341-79f1-4fa1-b3d6-c1c3bd582e56,2020-09-02 11:32:57.252011,144
580edad2-7bac-4651-8338-073856ee62b4,2020-09-02 11:32:57.253353,145
7361a44d-0014-4dcd-a960-a920cd7845f2,2020-09-02 11:32:57.263111,146
f203e137-3a50-435f-8019-922fb0f31f3c,2020-09-02 11:32:57.270275,147
b45694c8-aa3e-448e-b4e9-eb0c3e00550a,2020-09-02 11:32:57.274439,148
18548093-bc25-451e-b429-85477ac11d8b,2020-09-02 11:32:57.277835,149
862be519-b171-45d0-8dea-bb14cb670389,2020-09-02 11:32:57.280559,150
3d5e0afe-3ea2-40f8-a463-20b5d97a8488,2020-09-02 11:32:57.283052,151
09f9f9cc-7d69-4315-a46d-1e88855f0ab9,2020-09-02 11:32:57.285181,152
2520ba9d-b413-4372-bacd-22f4fc238689,2020-09-02 11:32:57.287310,153
9c539da1-fe87-4712-821b-da682fe45014,2020-09-02 11:32:57.288899,154
62310ca0-736e-4522-a034-18a6c9b670ea,2020-09-02 11:32:57.290549,155
4a6ed2a4-eaf7-4931-aad6-ba2a7cb3eb0a,2020-09-02 11:32:57.292479,156
8ca9ef0b-0524-4d25-adb8-d32b9ce4554d,2020-09-02 11:32:57.293873,157
bb3d4b0c-6a7b-4924-ac83-507485e67fc6,2020-09-02 11:32:57.295137,158
510cf850-ab4f-4de9-a706-f46941b33136,2020-09-02 11:32:57.296752,159
5fb6c213-63f3-43da-bcfd-00d2a46b07e2,2020-09-02 11:32:57.297730,160
3f826f52-e610-47e2-b7e2-e9e9fda38115,2020-09-02 11:32:57.298966,161
8f92c84f-98a4-4204-b9f9-b046bdbeeba1,2020-09-02 11:32:57.300515,162
02925651-e066-4cdc-ba69-5f14c356e0b8,2020-09-02 11:32:57.301790,163
0f508c1c-43f1-40ac-9174-a6dfaccd52ce,2020-09-02 11:32:57.303072,164
0a067d3a-3679-4074-bf88-761064d23244,2020-09-02 11:32:57.304416,165
b6b72ead-c6b4-46c4-a3b2-f9e9a7b5b66b,2020-09-02 11:32:57.305404,237
c4a9ed1b-4876-47e5-b25b-6735ede780be,2020-09-02 11:32:57.306123,238
d745c0ae-9bdb-428e-9cad-3e605754cc94,2020-09-02 11:32:57.306817,239
6a481791-1361-49fc-b0ce-338d8febfcec,2020-09-02 11:32:57.307512,240
4aec13ac-b0d3-4778-b6fe-d01c657189b4,2020-09-02 11:32:57.308320,241
98e124ec-fceb-4349-be44-5df281ddcced,2020-09-02 11:32:57.309025,243
8122a851-7825-4007-b5c5-20259af63cf7,2020-09-02 11:32:57.309990,244
ee75fec2-95ae-4486-bfca-c50491fbdf13,2020-09-02 11:32:57.310963,245
9da64249-b4a2-49f8-a6db-739d3c0d4936,2020-09-02 11:32:57.311943,246
76c78f34-1955-46af-88fd-4c4a99f88699,2020-09-02 11:32:57.313030,247
3f3dbf1e-7bdb-483e-b63a-85d43a8c4247,2020-09-02 11:32:57.313990,248
8ce19716-214d-4dd7-8fc6-c054e1e8c349,2020-09-02 11:32:57.314985,249
b6e33240-6be0-45d6-b6cb-2ae969e1783b,2020-09-02 11:32:57.315971,250
49f2e780-6a92-4cec-ae4b-b6dc5014bf9f,2020-09-02 11:32:57.317018,251
98c072b6-0e5a-4aef-bfc9-011d7f8d4854,2020-09-02 11:32:57.317993,252
9e0a5a32-2789-4048-b4f0-db90a35b1f29,2020-09-02 11:32:57.318926,166
706e3af9-3159-4067-95d1-d7980303d1df,2020-09-02 11:32:57.319946,167
3c21f38d-612c-4eff-97c3-fca462aae59a,2020-09-02 11:32:57.320956,168
6c3281bd-ba46-4294-b77d-da5c68da4554,2020-09-02 11:32:57.321965,169
b774e449-9e43-4edc-9e2e-a1afac80cfa7,2020-09-02 11:32:57.323003,170
e9a9dd30-f07c-487e-945b-ae35b90c45fb,2020-09-02 11:32:57.323990,171
5275b8d6-cb3f-405a-b1b4-410a827c00e1,2020-09-02 11:32:57.325021,172
2213e133-ec07-4839-9ef4-7b0758b8c334,2020-09-02 11:32:57.326001,173
17977d30-0014-4e7a-b958-674ebe68a58b,2020-09-02 11:32:57.327000,174
cd7d1d99-8407-4a66-bfba-b33f8a9df9fc,2020-09-02 11:32:57.327965,175
155179c6-2e83-428b-aaf6-698fb8dc0ac0,2020-09-02 11:32:57.328978,176
9412b9cd-145d-4714-8f96-346d22b953c3,2020-09-02 11:32:57.329982,177
20b7327d-deb3-46dc-9d35-f401913a2b7e,2020-09-02 11:32:57.331073,178
dfeb94ef-01c3-416f-b06c-8bc575131dde,2020-09-02 11:32:57.332050,179
bd2a0901-5f22-4a22-bc95-7ad43c8b0efb,2020-09-02 11:32:57.333079,180
b5919003-3188-427d-9496-082333d2e447,2020-09-02 11:32:57.334064,181
78c7b1a2-e0cd-44b7-9b32-850782b05780,2020-09-02 11:32:57.335341,182
52a556b6-c97a-4514-8acd-4ba6eed9e5c8,2020-09-02 11:32:57.336419,183
06bc4181-131d-4cc4-8ac6-a3e5866490c5,2020-09-02 11:32:57.337792,184
b35e5a97-80a8-486e-ad25-3881b4aeaf8c,2020-09-02 11:32:57.339092,185
9a4ab4e1-b73d-4040-a341-96d51e02ba9e,2020-09-02 11:32:57.340421,186
ca7307c5-3904-4c4e-a2a8-ede7620af835,2020-09-02 11:32:57.341427,187
3daa71cf-c953-4812-8e1d-a418c2d23fff,2020-09-02 11:32:57.342361,188
56ca9118-2b21-4e4a-938c-7941c006e700,2020-09-02 11:32:57.343383,189
74727f06-de35-4df2-a461-b0ac45a3d503,2020-09-02 11:32:57.344330,190
fa0eced1-e152-4262-80df-ca0b4dd84049,2020-09-02 11:32:57.345270,191
da5ffb09-1314-44eb-8b5f-21562432ad26,2020-09-02 11:32:57.346290,192
83cb95bf-c830-4c09-8b70-575390a78cfc,2020-09-02 11:32:57.347250,193
08d0fbb3-7426-44b9-9795-90c294d154b5,2020-09-02 11:32:57.348225,194
5c0eff5f-16b4-45e6-b7ba-17dd28e1c098,2020-09-02 11:32:57.349023,195
ff1636d5-0aab-479c-9aa2-b14271d8cdf2,2020-09-02 11:32:57.350106,196
508be7ab-e80a-40b8-b5f4-62f9d547db57,2020-09-02 11:32:57.351077,197
80c10627-2aee-4bec-a8d2-135224ca9e7f,2020-09-02 11:32:57.352053,198
c1cc3e68-f33b-4605-9bde-65109e9d487e,2020-09-02 11:32:57.353032,199
ae513cba-b59a-4ccf-98d0-4daffd5c27ed,2020-09-02 11:32:57.354094,200
43db0bcb-b150-4509-aeb6-81d209375508,2020-09-02 11:32:57.355057,201
47872175-fe19-4ce0-905e-10ccc49e34d0,2020-09-02 11:32:57.356016,202
72068c25-2626-4b0b-b82f-8394565e94cc,2020-09-02 11:32:57.356973,203
c9979da4-7232-42f5-bca1-648486f7393b,2020-09-02 11:32:57.357971,204
3958cdd2-9346-45c5-be2e-7ed793d71e0f,2020-09-02 11:32:57.359043,205
739b265f-73ab-4b6e-b693-d1cb62760bd6,2020-09-02 11:32:57.360024,206
6e31b4da-bf2d-40ed-9ec9-474f56b10941,2020-09-02 11:32:57.360960,207
b9dc096a-01e3-447d-b559-bd8b31217653,2020-09-02 11:32:57.361963,210
ac213d92-f1dd-47de-a6b5-401d83a1b074,2020-09-02 11:32:57.362951,211
d296db7d-70ce-4336-9e52-848afe4462ef,2020-09-02 11:32:57.363979,212
b8e8b96c-c526-4830-9454-65d3f478ac5c,2020-09-02 11:32:57.364923,213
b864eda7-15c6-4265-9603-b07f8340e75c,2020-09-02 11:32:57.365926,214
c6bb9335-9f62-4760-a0d1-b40798a127b8,2020-09-02 11:32:57.366859,215
5eaee5cd-7e85-4b12-aff0-f56fd899f2b0,2020-09-02 11:32:57.367870,216
234789ab-7068-45c6-b966-0bb2bd867026,2020-09-02 11:32:57.368846,217
fbae96da-7b7b-4be7-b16c-ee9ce37c4a42,2020-09-02 11:32:57.369811,218
02d3174f-c55c-4fcd-82a7-fc7abaabbb6d,2020-09-02 11:32:57.370831,219
34428632-94de-4fe7-a4b5-15cbceec275c,2020-09-02 11:32:57.371858,220
e20b9508-190d-4435-bf7f-fb3198123050,2020-09-02 11:32:57.372855,221
b7d659fc-ca32-4a09-833c-f4abaadb6bbe,2020-09-02 11:32:57.373792,222
8c30b243-9c0d-4a2d-8e08-f190d1076261,2020-09-02 11:32:57.374823,223
36505ab1-358b-4fe0-a7d0-7e765258ccfe,2020-09-02 11:32:57.375838,224
30219149-04c2-4b16-a32b-2f286978d030,2020-09-02 11:32:57.376801,225
ec9dae2b-ac93-4f13-9c1b-7ed5440f10f5,2020-09-02 11:32:57.377774,226
2d2ed786-8f5d-4f88-94a1-d1540aa1a032,2020-09-02 11:32:57.378785,227
56b93ee1-f7a6-4d3e-865e-b21eca628c3d,2020-09-02 11:32:57.379848,228
f0a9e3e4-7008-40d8-88f9-5605c34a52d4,2020-09-02 11:32:57.380773,229
12a46a0b-1196-4893-86a6-ab1125400718,2020-09-02 11:32:57.381739,230
f3d8069e-5e9a-479a-8187-320465d3f591,2020-09-02 11:32:57.382763,231
da1d9c79-de6f-453a-9447-9ceb23531fc3,2020-09-02 11:32:57.383866,232
9ee8d943-bc90-4be6-8cec-6e9c0e76634c,2020-09-02 11:32:57.384801,233
4dc74349-5542-4afb-85fb-ff320151660e,2020-09-02 11:32:57.385775,234
acc9917c-0525-4a16-b4ec-00dab519ae8b,2020-09-02 11:32:57.386751,235
543acf19-e506-43ca-9ea2-89abe1bc6486,2020-09-02 11:32:57.387830,236
19283944-bd88-4ac2-9b35-db0eb5b09cfd,2020-11-06 16:24:18.419867,254
1d57f348-ed1b-4ade-b8eb-5780355770a1,2020-11-18 19:52:39.477415,253
298d6f2f-0324-4336-bb76-ac0b0d6c3217,2020-11-18 19:59:01.677319,254
e60b6405-bdbb-47ee-9723-bc1e709db7aa,2020-11-18 20:02:21.842678,255
f54a8dff-3938-4d04-b698-8f6baa40bc89,2020-11-18 20:09:30.378807,256
ee871272-27b5-487f-bb56-03721d56ab1e,2020-11-18 20:19:15.829816,257
03b1df9d-7bd3-4f26-a33f-ddcef9853a3b,2021-03-05 22:58:31.232262,63
655b9332-47d9-4c14-ae32-8648e6980d78,2021-07-27 14:36:01.635262,2
